key,0,1,2,3,4,5,6,7,8,9,10,11,12,13,14,15,16,17,18,19,20,21,22,23,24,25,26,27,28,29,30,31,32,33,34,35,36,37,38,39,40,41,42,43,44,45,46
#,ContentIndicator,InstanceContent,,,,ContentMemberType,,,ClassJobLevel,,ItemLevel{Required},,,,,,,,,,,,,,,,,,,Icon,,,,,,,,,,,,,,,,,
int32,byte,InstanceContent,bit&01,byte,byte,ContentMemberType,byte,byte,byte,byte,uint16,uint16,bit&02,bit&04,bit&08,bit&10,bit&20,bit&40,byte,bit&80,bit&01,bit&02,bit&04,bit&08,bit&10,str,byte,byte,uint16,Image,uint32,sbyte,bool,bool,bool,bool,bool,bool,bool,bool,bool,bool,bool,bool,bool,bool,bool
0,0,"",False,0,108,"ContentMemberType#0",0,0,0,0,0,0,False,True,True,False,False,True,0,False,False,False,False,False,True,"",0,0,0,"ui/icon/000000/000000.tex",0,-1,False,False,False,False,False,False,False,False,False,False,False,False,False,False,False
1,1,"토토라크 감옥",False,0,108,"ContentMemberType#2",0,0,24,27,0,0,True,True,True,False,False,True,0,True,False,True,False,False,True,"",2,6,5,"ui/icon/112000/112005.tex",0,-1,True,False,False,False,False,False,False,False,True,False,False,False,False,False,False
2,1,"탐타라 묘소",False,0,108,"ContentMemberType#2",0,0,16,19,0,0,True,True,True,False,False,True,0,True,False,True,False,False,True,"",2,6,2,"ui/icon/112000/112002.tex",0,-1,True,False,False,False,False,False,False,False,True,False,False,False,False,False,False
3,1,"구리종 광산",False,0,108,"ContentMemberType#2",0,0,17,20,0,0,True,True,True,False,False,True,0,True,False,True,False,False,True,"",2,6,3,"ui/icon/112000/112003.tex",0,-1,True,False,False,False,False,False,False,False,True,False,False,False,False,False,False
4,1,"사스타샤 침식 동굴",False,0,108,"ContentMemberType#2",0,0,15,18,0,0,True,True,True,False,False,True,0,True,False,True,False,False,True,"",2,6,1,"ui/icon/112000/112001.tex",0,-1,True,False,False,False,False,False,False,False,True,False,False,False,False,False,False
5,1,"금빛 골짜기",False,0,108,"ContentMemberType#2",0,0,47,49,0,0,True,True,True,False,False,True,0,True,False,True,False,False,True,"",2,6,12,"ui/icon/112000/112014.tex",0,-1,True,False,False,False,False,False,False,False,True,False,False,False,False,False,False
6,1,"하우케타 별궁",False,0,108,"ContentMemberType#2",0,0,28,31,0,0,True,True,True,False,False,True,0,True,False,True,False,False,True,"",2,6,6,"ui/icon/112000/112006.tex",0,-1,True,False,False,False,False,False,False,False,True,False,False,False,False,False,False
7,1,"할라탈리 수련장",False,0,108,"ContentMemberType#2",0,0,20,23,0,0,True,True,True,False,False,True,0,True,False,True,False,False,True,"",2,6,4,"ui/icon/112000/112004.tex",0,-1,True,False,False,False,False,False,False,False,True,False,False,False,False,False,False
8,1,"브레이플록스의 야영지",False,0,108,"ContentMemberType#2",0,0,32,34,0,0,True,True,True,False,False,True,0,True,False,True,False,False,True,"",2,6,7,"ui/icon/112000/112007.tex",0,-1,True,False,False,False,False,False,False,False,True,False,False,False,False,False,False
9,1,"카른의 무너진 사원",False,0,108,"ContentMemberType#2",0,0,35,37,0,0,True,True,True,False,False,True,0,True,False,True,False,False,True,"",2,6,8,"ui/icon/112000/112009.tex",0,-1,True,False,False,False,False,False,False,False,True,False,False,False,False,False,False
10,1,"방랑자의 궁전",False,0,108,"ContentMemberType#2",0,0,50,50,45,110,True,True,True,False,False,True,0,True,False,True,False,False,True,"",2,6,13,"ui/icon/112000/112010.tex",0,-1,False,True,False,False,False,False,False,False,True,False,False,False,False,False,False
11,1,"돌방패 경계초소",False,0,108,"ContentMemberType#2",0,0,41,43,0,0,True,True,True,False,False,True,0,True,False,True,False,False,True,"",2,6,10,"ui/icon/112000/112012.tex",0,-1,True,False,False,False,False,False,False,False,True,False,False,False,False,False,False
12,1,"나무꾼의 비명",False,0,108,"ContentMemberType#2",0,0,38,40,0,0,True,True,True,False,False,True,0,True,False,True,False,False,True,"",2,6,9,"ui/icon/112000/112011.tex",0,-1,True,False,False,False,False,False,False,False,True,False,False,False,False,False,False
13,1,"제멜 요새",False,0,108,"ContentMemberType#2",0,0,44,46,0,0,True,True,True,False,False,True,0,True,False,True,False,False,True,"",2,6,11,"ui/icon/112000/112013.tex",0,-1,True,False,False,False,False,False,False,False,True,False,False,False,False,False,False
14,1,"옛 암다포르 성",False,0,108,"ContentMemberType#2",0,0,50,50,45,110,True,True,True,False,False,True,0,True,False,True,False,False,True,"",2,6,16,"ui/icon/112000/112015.tex",0,-1,False,True,False,False,False,False,False,False,True,False,False,False,False,False,False
15,1,"카스트룸 메리디아눔",False,0,108,"ContentMemberType#3",0,0,50,50,42,0,True,True,True,False,False,True,0,True,False,True,False,False,True,"",2,6,14,"ui/icon/112000/112016.tex",0,-1,False,False,True,False,False,False,False,False,True,False,False,False,False,False,False
16,1,"마도성 프라이토리움",False,0,108,"ContentMemberType#3",0,0,50,50,42,0,True,True,True,False,False,True,0,True,False,True,False,False,True,"",2,6,15,"ui/icon/112000/112017.tex",0,-1,False,False,True,False,False,False,False,False,True,False,False,False,False,False,False
17,1,"시리우스 대등대",False,0,108,"ContentMemberType#2",0,0,50,50,48,110,True,True,True,False,False,True,0,True,False,True,False,False,True,"",2,6,17,"ui/icon/112000/112027.tex",0,-1,False,True,False,False,False,False,False,False,True,False,False,False,False,False,False
18,1,"구리종 광산(어려움)",False,0,108,"ContentMemberType#2",0,0,50,50,48,110,True,True,True,False,False,True,0,True,False,True,False,False,True,"",2,6,18,"ui/icon/112000/112025.tex",0,-1,False,True,False,False,False,False,False,False,True,False,False,False,False,False,False
19,1,"하우케타 별궁(어려움)",False,0,108,"ContentMemberType#2",0,0,50,50,48,110,True,True,True,False,False,True,0,True,False,True,False,False,True,"",2,6,19,"ui/icon/112000/112026.tex",0,-1,False,True,False,False,False,False,False,False,True,False,False,False,False,False,False
20,1,"브레이플록스의 야영지(어려움)",False,0,108,"ContentMemberType#2",0,0,50,50,55,110,True,True,True,False,False,True,0,True,False,True,False,False,True,"",2,6,22,"ui/icon/112000/112048.tex",0,-1,False,True,False,False,False,False,False,False,True,False,False,False,False,False,False
21,1,"할라탈리 수련장(어려움)",False,0,108,"ContentMemberType#2",0,0,50,50,55,110,True,True,True,False,False,True,0,True,False,True,False,False,True,"",2,6,21,"ui/icon/112000/112049.tex",0,-1,False,True,False,False,False,False,False,False,True,False,False,False,False,False,False
22,1,"옛 암다포르 시가지",False,0,108,"ContentMemberType#2",0,0,50,50,55,110,True,True,True,False,False,True,0,True,False,True,False,False,True,"",2,6,20,"ui/icon/112000/112042.tex",0,-1,False,True,False,False,False,False,False,False,True,False,False,False,False,False,False
23,1,"난파선의 섬",False,0,108,"ContentMemberType#2",0,0,50,50,70,110,True,True,True,False,False,True,0,True,False,True,False,False,True,"",2,6,23,"ui/icon/112000/112058.tex",0,-1,False,True,False,False,False,False,False,False,True,False,False,False,False,False,False
24,1,"탐타라 묘소(어려움)",False,0,108,"ContentMemberType#2",0,0,50,50,70,110,True,True,True,False,False,True,0,True,False,True,False,False,True,"",2,6,24,"ui/icon/112000/112059.tex",0,-1,False,True,False,False,False,False,False,False,True,False,False,False,False,False,False
25,1,"돌방패 경계초소(어려움)",False,0,108,"ContentMemberType#2",0,0,50,50,70,110,True,True,True,False,False,True,0,True,False,True,False,False,True,"",2,6,25,"ui/icon/112000/112060.tex",0,-1,False,True,False,False,False,False,False,False,True,False,False,False,False,False,False
26,1,"카른의 무너진 사원(어려움)",False,0,108,"ContentMemberType#2",0,0,50,50,80,0,True,True,True,False,False,True,0,True,False,True,False,False,True,"",2,6,28,"ui/icon/112000/112068.tex",0,-1,False,True,False,False,False,False,False,False,True,False,False,False,False,False,False
27,1,"얼음외투 대빙벽",False,0,108,"ContentMemberType#2",0,0,50,50,80,0,True,True,True,False,False,True,0,True,False,True,False,False,True,"",2,6,26,"ui/icon/112000/112066.tex",0,-1,False,True,False,False,False,False,False,False,True,False,False,False,False,False,False
28,1,"사스타샤 침식 동굴(어려움)",False,0,108,"ContentMemberType#2",0,0,50,50,80,0,True,True,True,False,False,True,0,True,False,True,False,False,True,"",2,6,27,"ui/icon/112000/112067.tex",0,-1,False,True,False,False,False,False,False,False,True,False,False,False,False,False,False
29,1,"옛 암다포르 성(어려움)",False,0,108,"ContentMemberType#2",0,0,50,50,90,0,True,True,True,False,False,True,0,True,False,True,False,False,True,"",2,6,31,"ui/icon/112000/112077.tex",0,-1,False,True,False,False,False,False,False,False,True,False,False,False,False,False,False
30,1,"방랑자의 궁전(어려움)",False,0,108,"ContentMemberType#2",0,0,50,50,90,0,True,True,True,False,False,True,0,True,False,True,False,False,True,"",2,6,30,"ui/icon/112000/112078.tex",0,-1,False,True,False,False,False,False,False,False,True,False,False,False,False,False,False
31,1,"구브라 환상도서관",False,1,108,"ContentMemberType#2",0,0,59,60,0,150,True,True,True,False,False,True,0,True,False,True,False,False,True,"",2,7,44,"ui/icon/112000/112091.tex",0,-1,True,False,False,False,False,False,False,False,True,False,False,False,False,False,False
32,1,"묵약의 탑",False,0,108,"ContentMemberType#2",0,0,50,50,90,0,True,True,True,False,False,True,0,True,False,True,False,False,True,"",2,6,29,"ui/icon/112000/112076.tex",0,-1,False,True,False,False,False,False,False,False,True,False,False,False,False,False,False
33,1,"거두지 않는 섬",False,1,108,"ContentMemberType#2",0,0,60,60,145,210,True,True,True,False,False,True,0,True,False,True,False,False,True,"",2,7,46,"ui/icon/112000/112093.tex",0,-1,False,True,False,False,False,False,False,False,True,False,False,False,False,False,False
34,1,"이슈가르드 교황청",False,1,108,"ContentMemberType#2",0,0,57,58,0,0,True,True,True,False,False,True,0,True,False,True,False,False,True,"",2,7,43,"ui/icon/112000/112090.tex",0,-1,True,False,False,False,False,False,False,False,True,False,False,False,False,False,False
35,1,"무한연속 박물함",False,1,108,"ContentMemberType#2",0,0,60,60,145,210,True,True,True,False,False,True,0,True,False,True,False,False,True,"",2,7,47,"ui/icon/112000/112094.tex",0,-1,False,True,False,False,False,False,False,False,True,False,False,False,False,False,False
36,1,"어스름 요새",False,1,108,"ContentMemberType#2",0,0,51,52,0,0,True,True,True,False,False,True,0,True,False,True,False,False,True,"",2,7,40,"ui/icon/112000/112087.tex",0,-1,True,False,False,False,False,False,False,False,True,False,False,False,False,False,False
37,1,"솜 알",False,1,108,"ContentMemberType#2",0,0,53,54,0,0,True,True,True,False,False,True,0,True,False,True,False,False,True,"",2,7,41,"ui/icon/112000/112088.tex",0,-1,True,False,False,False,False,False,False,False,True,False,False,False,False,False,False
38,1,"마과학 연구소",False,1,108,"ContentMemberType#2",0,0,60,60,142,180,True,True,True,False,False,True,0,True,False,True,False,False,True,"",2,7,45,"ui/icon/112000/112092.tex",0,-1,False,True,False,False,False,False,False,False,True,False,False,False,False,False,False
39,1,"용의 둥지",False,1,108,"ContentMemberType#2",0,0,55,56,0,0,True,True,True,False,False,True,0,True,False,True,False,False,True,"",2,7,42,"ui/icon/112000/112089.tex",0,-1,True,False,False,False,False,False,False,False,True,False,False,False,False,False,False
40,1,"시리우스 대등대(어려움)",False,1,108,"ContentMemberType#2",0,0,60,60,170,240,True,True,True,False,False,True,0,True,False,True,False,False,True,"",2,7,49,"ui/icon/112000/112117.tex",0,-1,False,True,False,False,False,False,False,False,True,False,False,False,False,False,False
41,1,"성 모샨 식물원",False,1,108,"ContentMemberType#2",0,0,60,60,170,240,True,True,True,False,False,True,0,True,False,True,False,False,True,"",2,7,48,"ui/icon/112000/112116.tex",0,-1,False,True,False,False,False,False,False,False,True,False,False,False,False,False,False
42,1,"집단전 훈련을 완수하라!",False,0,108,"ContentMemberType#2",0,0,10,11,0,0,False,True,True,False,False,False,0,True,False,True,False,False,True,"",3,0,1,"ui/icon/111000/111006.tex",0,-1,False,False,False,True,False,False,False,False,True,False,False,False,False,False,False
43,1,"방황하는 사령을 쓰러뜨려라!",False,0,108,"ContentMemberType#2",0,0,10,11,0,0,False,True,True,False,False,False,0,True,False,True,False,False,True,"",3,0,2,"ui/icon/111000/111001.tex",0,-1,False,False,False,True,False,False,False,False,True,False,False,False,False,False,False
44,1,"관문을 돌파하고 최심부의 적을 쓰러뜨려라!",False,0,108,"ContentMemberType#2",0,0,15,16,0,0,False,True,True,False,False,False,0,True,False,True,False,False,True,"",3,0,3,"ui/icon/111000/111007.tex",0,-1,False,False,False,True,False,False,False,False,True,False,False,False,False,False,False
45,1,"길거북을 사로잡아라!",False,0,108,"ContentMemberType#2",0,0,15,16,0,0,False,True,True,False,False,False,0,True,False,True,False,False,True,"",3,0,4,"ui/icon/111000/111008.tex",0,-1,False,False,False,True,False,False,False,False,True,False,False,False,False,False,False
46,1,"독성 요괴꽃을 제거하라!",False,0,108,"ContentMemberType#2",0,0,20,21,0,0,False,True,True,False,False,False,0,True,False,True,False,False,True,"",3,0,5,"ui/icon/111000/111002.tex",0,-1,False,False,False,True,False,False,False,False,True,False,False,False,False,False,False
47,1,"무법자 집단 '나나니단'을 섬멸하라!",False,0,108,"ContentMemberType#2",0,0,20,21,0,0,False,True,True,False,False,False,0,True,False,True,False,False,True,"",3,0,6,"ui/icon/111000/111003.tex",0,-1,False,False,False,True,False,False,False,False,True,False,False,False,False,False,False
48,1,"몽환의 브라크시오를 쓰러뜨려라!",False,0,108,"ContentMemberType#2",0,0,25,26,0,0,False,True,True,False,False,False,0,True,False,True,False,False,True,"",3,0,7,"ui/icon/111000/111005.tex",0,-1,False,False,False,True,False,False,False,False,True,False,False,False,False,False,False
49,1,"폭탄광 고블린 군단을 섬멸하라!",False,0,108,"ContentMemberType#2",0,0,25,26,0,0,False,True,True,False,False,False,0,True,False,True,False,False,True,"",3,0,8,"ui/icon/111000/111004.tex",0,-1,False,False,False,True,False,False,False,False,True,False,False,False,False,False,False
50,1,"오염원 몰볼을 쓰러뜨려라!",False,0,108,"ContentMemberType#2",0,0,30,31,0,0,False,True,True,False,False,False,0,True,False,True,False,False,True,"",3,0,9,"ui/icon/111000/111009.tex",0,-1,False,False,False,True,False,False,False,False,True,False,False,False,False,False,False
51,1,"갱도에 나타난 요마 부소를 쓰러뜨려라!",False,0,108,"ContentMemberType#2",0,0,30,31,0,0,False,True,True,False,False,False,0,True,False,True,False,False,True,"",3,0,10,"ui/icon/111000/111010.tex",0,-1,False,False,False,True,False,False,False,False,True,False,False,False,False,False,False
52,1,"무적의 부하를 조종하는 요마를 쓰러뜨려라!",False,0,108,"ContentMemberType#2",0,0,35,36,0,0,False,True,True,False,False,False,0,True,False,True,False,False,True,"",3,0,11,"ui/icon/111000/111011.tex",0,-1,False,False,False,True,False,False,False,False,True,False,False,False,False,False,False
53,1,"봄을 거느린 '봄 여왕'을 쓰러뜨려라!",False,0,108,"ContentMemberType#2",0,0,35,36,0,0,False,True,True,False,False,False,0,True,False,True,False,False,True,"",3,0,12,"ui/icon/111000/111012.tex",0,-1,False,False,False,True,False,False,False,False,True,False,False,False,False,False,False
54,1,"불길한 진형을 짜는 요마를 섬멸하라!",False,0,108,"ContentMemberType#2",0,0,40,41,0,0,False,True,True,False,False,False,0,True,False,True,False,False,True,"",3,0,13,"ui/icon/111000/111013.tex",0,-1,False,False,False,True,False,False,False,False,True,False,False,False,False,False,False
55,1,"세 거인족을 제압하여 유물을 지켜내라!",False,0,108,"ContentMemberType#3",0,0,40,41,0,0,False,True,True,False,False,False,0,True,False,True,False,False,True,"",3,0,14,"ui/icon/111000/111014.tex",0,-1,False,False,False,True,False,False,False,False,True,False,False,False,False,False,False
56,1,"이프리트 토벌전",False,0,108,"ContentMemberType#2",0,0,20,22,0,0,True,True,True,False,False,True,0,True,False,True,False,False,True,"",4,8,1,"ui/icon/112000/112008.tex",0,-1,True,False,False,False,False,False,False,False,True,False,False,False,False,False,False
57,1,"타이탄 토벌전",False,0,108,"ContentMemberType#2",0,0,34,36,0,0,True,True,True,False,False,True,0,True,False,True,False,False,True,"",4,8,2,"ui/icon/112000/112018.tex",0,-1,True,False,False,False,False,False,False,False,True,False,False,False,False,False,False
58,1,"가루다 토벌전",False,0,108,"ContentMemberType#2",0,0,44,46,0,0,True,True,True,False,False,True,0,True,False,True,False,False,True,"",4,8,3,"ui/icon/112000/112019.tex",0,-1,True,False,False,False,False,False,False,False,True,False,False,False,False,False,False
59,1,"진 이프리트 토벌전",False,0,108,"ContentMemberType#3",0,0,50,50,49,0,True,True,True,False,False,True,0,True,False,True,False,False,True,"",4,8,12,"ui/icon/112000/112021.tex",0,-1,False,False,False,False,False,True,False,False,True,False,False,False,False,False,False
60,1,"진 타이탄 토벌전",False,0,108,"ContentMemberType#3",0,0,50,50,57,0,True,True,True,False,False,True,0,True,False,True,False,False,True,"",4,8,14,"ui/icon/112000/112022.tex",0,-1,False,False,False,False,False,True,False,False,True,False,False,False,False,False,False
61,1,"진 가루다 토벌전",False,0,108,"ContentMemberType#3",0,0,50,50,52,0,True,True,True,False,False,True,0,True,False,True,False,False,True,"",4,8,13,"ui/icon/112000/112023.tex",0,-1,False,False,False,False,False,True,False,False,True,False,False,False,False,False,False
62,1,"리트아틴 강습전",False,0,108,"ContentMemberType#3",0,0,49,50,0,0,True,True,True,False,False,True,0,True,False,True,False,False,True,"",4,8,4,"ui/icon/112000/112020.tex",0,-1,False,False,False,False,False,True,False,False,True,False,False,False,False,False,False
63,1,"극 이프리트 토벌전",False,0,108,"ContentMemberType#3",0,0,50,50,70,0,True,True,True,False,False,True,0,True,False,True,False,False,True,"",4,19,103,"ui/icon/112000/112028.tex",0,-1,False,False,False,False,False,False,False,False,True,False,False,False,False,False,False
64,1,"극 타이탄 토벌전",False,0,108,"ContentMemberType#3",0,0,50,50,67,0,True,True,True,False,False,True,0,True,False,True,False,False,True,"",4,19,102,"ui/icon/112000/112029.tex",0,-1,False,False,False,False,False,False,False,False,True,False,False,False,False,False,False
65,1,"극 가루다 토벌전",False,0,108,"ContentMemberType#3",0,0,50,50,65,0,True,True,True,False,False,True,0,True,False,True,False,False,True,"",4,19,101,"ui/icon/112000/112030.tex",0,-1,False,False,False,False,False,False,False,False,True,False,False,False,False,False,False
66,1,"선왕 모그루 모그 XII세 토벌전",False,0,108,"ContentMemberType#3",0,0,50,50,54,0,True,True,True,False,False,True,0,True,False,True,False,False,True,"",4,8,15,"ui/icon/112000/112031.tex",0,-1,False,False,False,False,False,True,False,False,True,False,False,False,False,False,False
67,1,"극왕 모그루 모그 XII세 토벌전",False,0,108,"ContentMemberType#3",0,0,50,50,80,0,True,True,True,False,False,True,0,True,False,True,False,False,True,"",4,19,104,"ui/icon/112000/112050.tex",0,-1,False,False,False,False,False,False,False,False,True,False,False,False,False,False,False
68,1,"알테마 웨폰 파괴작전",False,0,108,"ContentMemberType#3",0,0,50,50,61,0,True,True,True,False,False,True,0,True,False,True,False,False,True,"",4,19,100,"ui/icon/112000/112032.tex",0,-1,False,False,False,False,False,False,False,False,True,False,False,False,False,False,False
69,1,"이벤트용 임무: 3",False,0,108,"ContentMemberType#2",0,0,50,50,0,0,True,True,False,False,False,False,0,True,False,True,False,False,True,"",4,8,9999,"ui/icon/112000/112018.tex",0,-1,False,False,False,False,False,False,False,False,False,False,False,False,False,False,False
70,1,"이벤트용 임무: 1",False,1,108,"ContentMemberType#4",0,0,60,60,0,0,True,False,False,False,False,False,0,True,False,True,False,False,True,"",4,8,9997,"ui/icon/112000/112225.tex",0,-1,False,False,False,False,False,False,False,False,False,False,False,False,False,False,False
71,1,"이벤트용 임무: 2",False,1,108,"ContentMemberType#3",0,0,60,60,0,0,True,True,False,False,False,False,0,True,False,True,False,False,True,"",4,8,9998,"ui/icon/112000/112126.tex",0,-1,False,False,False,False,False,False,False,False,False,False,False,False,False,False,False
72,1,"진 리바이어선 토벌전",False,0,108,"ContentMemberType#3",0,0,50,50,60,0,True,True,True,False,False,True,0,True,False,True,False,False,True,"",4,8,16,"ui/icon/112000/112051.tex",0,-1,False,False,False,False,False,True,False,False,True,False,False,False,False,False,False
73,1,"극 리바이어선 토벌전",False,0,108,"ContentMemberType#3",0,0,50,50,80,0,True,True,True,False,False,True,0,True,False,True,False,False,True,"",4,19,105,"ui/icon/112000/112052.tex",0,-1,False,False,False,False,False,False,False,False,True,False,False,False,False,False,False
74,1,"도름 키마이라 토벌전",False,0,108,"ContentMemberType#3",0,0,50,50,52,0,True,True,True,False,False,True,0,True,False,True,False,False,True,"",4,8,7,"ui/icon/112000/112053.tex",0,-1,False,False,False,False,False,True,False,False,True,False,False,False,False,False,False
75,1,"하이드라 토벌전",False,0,108,"ContentMemberType#3",0,0,50,50,52,0,True,True,True,False,False,True,0,True,False,True,False,False,True,"",4,8,8,"ui/icon/112000/112055.tex",0,-1,False,False,False,False,False,True,False,False,True,False,False,False,False,False,False
76,1,"길가메시 토벌전",False,0,108,"ContentMemberType#3",0,0,50,50,50,0,True,True,True,False,False,True,0,True,False,True,False,False,True,"",4,8,9,"ui/icon/112000/112054.tex",0,-1,False,False,False,False,False,True,False,False,True,False,False,False,False,False,False
77,1,"진 라무 토벌전",False,0,108,"ContentMemberType#3",0,0,50,50,65,0,True,True,True,False,False,True,0,True,False,True,False,False,True,"",4,8,17,"ui/icon/112000/112062.tex",0,-1,False,False,False,False,False,True,False,False,True,False,False,False,False,False,False
78,1,"극 라무 토벌전",False,0,108,"ContentMemberType#3",0,0,50,50,85,0,True,True,True,False,False,True,0,True,False,True,False,False,True,"",4,19,106,"ui/icon/112000/112063.tex",0,-1,False,False,False,False,False,False,False,False,True,False,False,False,False,False,False
79,1,"진 시바 토벌전",False,0,108,"ContentMemberType#3",0,0,50,50,80,0,True,True,True,False,False,True,0,True,False,True,False,False,True,"",4,8,18,"ui/icon/112000/112073.tex",0,-1,False,False,False,False,False,True,False,False,True,False,False,False,False,False,False
80,1,"극 시바 토벌전",False,0,108,"ContentMemberType#3",0,0,50,50,95,0,True,True,True,False,False,True,0,True,False,True,False,False,True,"",4,19,107,"ui/icon/112000/112074.tex",0,-1,False,False,False,False,False,False,False,False,True,False,False,False,False,False,False
81,1,"아마지나배 투기대회 결승전",False,0,108,"ContentMemberType#3",0,0,50,50,80,0,True,True,True,False,False,True,0,True,False,True,False,False,True,"",4,8,10,"ui/icon/112000/112075.tex",0,-1,False,False,False,False,False,True,False,False,True,False,False,False,False,False,False
82,1,"투신 오딘 토벌전",False,0,108,"ContentMemberType#3",0,0,50,50,95,0,True,True,True,False,False,True,0,True,False,True,False,False,True,"",4,8,19,"ui/icon/112000/112065.tex",0,-1,False,False,False,False,False,False,False,False,True,False,False,False,False,False,False
83,1,"성도 이슈가르드 방어전",False,0,108,"ContentMemberType#3",0,0,50,50,90,0,True,True,True,False,False,True,0,True,False,True,False,False,True,"",4,8,6,"ui/icon/112000/112082.tex",0,-1,False,False,False,False,False,True,False,False,True,False,False,False,False,False,False
84,1,"아씨엔 나브리알레스 토벌전",False,0,108,"ContentMemberType#3",0,0,50,50,90,0,True,True,True,False,False,True,0,True,False,True,False,False,True,"",4,8,5,"ui/icon/112000/112081.tex",0,-1,False,False,False,False,False,True,False,False,True,False,False,False,False,False,False
85,1,"진 길가메시 토벌전",False,0,108,"ContentMemberType#3",0,0,50,50,90,0,True,True,True,False,False,True,0,True,False,True,False,False,True,"",4,8,11,"ui/icon/112000/112080.tex",0,-1,False,False,False,False,False,True,False,False,True,False,False,False,False,False,False
86,1,"진 라바나 토벌전",False,1,108,"ContentMemberType#3",0,0,53,54,0,0,True,True,True,False,False,True,0,True,False,True,False,False,True,"",4,9,110,"ui/icon/112000/112103.tex",0,-1,False,False,False,False,False,True,False,False,True,False,False,False,False,False,False
87,1,"극 라바나 토벌전",False,1,108,"ContentMemberType#3",0,0,60,60,175,0,True,True,True,False,False,True,0,True,False,True,False,False,True,"",4,20,121,"ui/icon/112000/112107.tex",0,-1,False,False,False,False,False,False,False,False,True,False,False,False,False,False,False
88,1,"진 비스마르크 토벌전",False,1,108,"ContentMemberType#3",0,0,57,58,0,0,True,True,True,False,False,True,0,True,False,True,False,False,True,"",4,9,111,"ui/icon/112000/112104.tex",0,-1,False,False,False,False,False,True,False,False,True,False,False,False,False,False,False
89,1,"극 비스마르크 토벌전",False,1,108,"ContentMemberType#3",0,0,60,60,165,0,True,True,True,False,False,True,0,True,False,True,False,False,True,"",4,20,120,"ui/icon/112000/112105.tex",0,-1,False,False,False,False,False,False,False,False,True,False,False,False,False,False,False
90,1,"나이츠 오브 라운드 토벌전",False,1,108,"ContentMemberType#3",0,0,60,60,142,0,True,True,True,False,False,True,0,True,False,True,False,False,True,"",4,9,112,"ui/icon/112000/112106.tex",0,-1,False,False,False,False,False,True,False,False,True,False,False,False,False,False,False
91,1,"극 나이츠 오브 라운드 토벌전",False,1,108,"ContentMemberType#3",0,0,60,60,190,0,True,True,True,False,False,True,0,True,False,True,False,False,True,"",4,20,122,"ui/icon/112000/112122.tex",0,-1,False,False,False,False,False,False,False,False,True,False,False,False,False,False,False
92,1,"크리스탈 타워: 고대인의 미궁",False,0,108,"ContentMemberType#4",0,0,50,50,50,0,True,True,True,False,False,False,0,True,False,True,False,False,True,"",5,14,1,"ui/icon/112000/112033.tex",0,-1,False,False,False,False,False,False,False,False,True,False,False,False,False,False,True
93,1,"대미궁 바하무트: 해후편 1",False,0,108,"ContentMemberType#3",0,0,50,50,70,0,True,True,True,False,False,True,0,True,False,True,False,False,True,"",5,10,4,"ui/icon/112000/112043.tex",0,-1,False,False,False,False,False,False,False,False,False,False,False,False,False,False,False
94,1,"대미궁 바하무트: 해후편 2",False,0,108,"ContentMemberType#3",0,0,50,50,73,0,True,True,True,False,False,True,0,True,False,True,False,False,True,"",5,10,5,"ui/icon/112000/112044.tex",0,-1,False,False,False,False,False,False,False,False,False,False,False,False,False,False,False
95,1,"대미궁 바하무트: 해후편 3",False,0,108,"ContentMemberType#3",0,0,50,50,70,0,True,True,True,False,False,True,0,True,False,True,False,False,True,"",5,10,6,"ui/icon/112000/112045.tex",0,-1,False,False,False,False,False,False,False,False,False,False,False,False,False,False,False
96,1,"대미궁 바하무트: 해후편 4",False,0,108,"ContentMemberType#3",0,0,50,50,77,0,True,True,True,False,False,True,0,True,False,True,False,False,True,"",5,10,7,"ui/icon/112000/112046.tex",0,-1,False,False,False,False,False,False,False,False,False,False,False,False,False,False,False
97,1,"대미궁 바하무트: 해후편 5",False,0,108,"ContentMemberType#3",0,0,50,50,82,0,True,True,True,False,False,True,0,True,False,True,False,False,True,"",5,10,8,"ui/icon/112000/112047.tex",0,-1,False,False,False,False,False,False,False,False,False,False,False,False,False,False,False
98,1,"대미궁 바하무트: 침공편 1",False,0,108,"ContentMemberType#3",0,0,50,50,90,0,True,True,True,False,False,True,0,True,False,True,False,False,True,"",5,10,9,"ui/icon/112000/112038.tex",0,-1,False,False,False,False,False,False,False,False,False,False,False,False,False,False,False
99,1,"대미궁 바하무트: 침공편 2",False,0,108,"ContentMemberType#3",0,0,50,50,95,0,True,True,True,False,False,True,0,True,False,True,False,False,True,"",5,10,10,"ui/icon/112000/112039.tex",0,-1,False,False,False,False,False,False,False,False,False,False,False,False,False,False,False
100,1,"대미궁 바하무트: 침공편 3",False,0,108,"ContentMemberType#3",0,0,50,50,100,0,True,True,True,False,False,True,0,True,False,True,False,False,True,"",5,10,11,"ui/icon/112000/112040.tex",0,-1,False,False,False,False,False,False,False,False,False,False,False,False,False,False,False
101,1,"대미궁 바하무트: 침공편 4",False,0,108,"ContentMemberType#3",0,0,50,50,105,0,True,True,True,False,False,True,0,True,False,True,False,False,True,"",5,10,12,"ui/icon/112000/112041.tex",0,-1,False,False,False,False,False,False,False,False,False,False,False,False,False,False,False
102,1,"크리스탈 타워: 시르쿠스 탑",False,0,108,"ContentMemberType#4",0,0,50,50,70,0,True,True,True,False,False,False,0,True,False,True,False,False,True,"",5,14,2,"ui/icon/112000/112061.tex",0,-1,False,False,False,False,False,False,False,False,True,False,False,False,False,False,True
103,1,"대미궁 바하무트: 침공편(영웅) 1",False,0,108,"ContentMemberType#3",0,0,50,50,105,0,True,True,True,False,False,True,0,True,False,True,False,False,True,"",5,12,17,"ui/icon/112000/112038.tex",0,-1,False,False,False,False,False,False,False,False,False,False,False,False,False,False,False
104,1,"대미궁 바하무트: 침공편(영웅) 2",False,0,108,"ContentMemberType#3",0,0,50,50,105,0,True,True,True,False,False,True,0,True,False,True,False,False,True,"",5,12,18,"ui/icon/112000/112039.tex",0,-1,False,False,False,False,False,False,False,False,False,False,False,False,False,False,False
105,1,"대미궁 바하무트: 침공편(영웅) 3",False,0,108,"ContentMemberType#3",0,0,50,50,105,0,True,True,True,False,False,True,0,True,False,True,False,False,True,"",5,12,19,"ui/icon/112000/112040.tex",0,-1,False,False,False,False,False,False,False,False,False,False,False,False,False,False,False
106,1,"대미궁 바하무트: 침공편(영웅) 4",False,0,108,"ContentMemberType#3",0,0,50,50,105,0,True,True,True,False,False,True,0,True,False,True,False,False,True,"",5,12,20,"ui/icon/112000/112041.tex",0,-1,False,False,False,False,False,False,False,False,False,False,False,False,False,False,False
107,1,"대미궁 바하무트: 진성편 1",False,0,108,"ContentMemberType#3",0,0,50,50,110,0,True,True,True,False,False,True,0,True,False,True,False,False,True,"",5,10,13,"ui/icon/112000/112069.tex",0,-1,False,False,False,False,False,False,False,False,False,False,False,False,False,False,False
108,1,"대미궁 바하무트: 진성편 2",False,0,108,"ContentMemberType#3",0,0,50,50,115,0,True,True,True,False,False,True,0,True,False,True,False,False,True,"",5,10,14,"ui/icon/112000/112070.tex",0,-1,False,False,False,False,False,False,False,False,False,False,False,False,False,False,False
109,1,"대미궁 바하무트: 진성편 3",False,0,108,"ContentMemberType#3",0,0,50,50,120,0,True,True,True,False,False,True,0,True,False,True,False,False,True,"",5,10,15,"ui/icon/112000/112071.tex",0,-1,False,False,False,False,False,False,False,False,False,False,False,False,False,False,False
110,1,"대미궁 바하무트: 진성편 4",False,0,108,"ContentMemberType#3",0,0,50,50,123,0,True,True,True,False,False,True,0,True,False,True,False,False,True,"",5,10,16,"ui/icon/112000/112072.tex",0,-1,False,False,False,False,False,False,False,False,False,False,False,False,False,False,False
111,1,"크리스탈 타워: 어둠의 세계",False,0,108,"ContentMemberType#4",0,0,50,50,90,0,True,True,True,False,False,False,0,True,False,True,False,False,True,"",5,14,3,"ui/icon/112000/112079.tex",0,-1,False,False,False,False,False,False,False,False,True,False,False,False,False,False,True
112,1,"기공성 알렉산더: 기동편 1",False,1,108,"ContentMemberType#3",0,0,60,60,170,0,True,True,True,False,False,True,0,True,False,True,False,False,True,"",5,11,40,"ui/icon/112000/112095.tex",0,-1,False,False,False,False,False,False,False,False,True,False,False,False,False,False,False
113,1,"기공성 알렉산더: 기동편 2",False,1,108,"ContentMemberType#3",0,0,60,60,170,0,True,True,True,False,False,True,0,True,False,True,False,False,True,"",5,11,41,"ui/icon/112000/112096.tex",0,-1,False,False,False,False,False,False,False,False,True,False,False,False,False,False,False
114,1,"기공성 알렉산더: 기동편 3",False,1,108,"ContentMemberType#3",0,0,60,60,170,0,True,True,True,False,False,True,0,True,False,True,False,False,True,"",5,11,42,"ui/icon/112000/112097.tex",0,-1,False,False,False,False,False,False,False,False,True,False,False,False,False,False,False
115,1,"기공성 알렉산더: 기동편 4",False,1,108,"ContentMemberType#3",0,0,60,60,170,0,True,True,True,False,False,True,0,True,False,True,False,False,True,"",5,11,43,"ui/icon/112000/112098.tex",0,-1,False,False,False,False,False,False,False,False,True,False,False,False,False,False,False
116,1,"기공성 알렉산더: 기동편(영웅) 1",False,1,108,"ContentMemberType#3",0,0,60,60,190,0,True,True,True,False,False,True,0,True,False,True,False,False,True,"",5,13,52,"ui/icon/112000/112099.tex",0,-1,False,False,False,False,False,False,False,False,False,False,False,False,False,False,False
117,1,"기공성 알렉산더: 기동편(영웅) 2",False,1,108,"ContentMemberType#3",0,0,60,60,195,0,True,True,True,False,False,True,0,True,False,True,False,False,True,"",5,13,53,"ui/icon/112000/112100.tex",0,-1,False,False,False,False,False,False,False,False,False,False,False,False,False,False,False
118,1,"기공성 알렉산더: 기동편(영웅) 3",False,1,108,"ContentMemberType#3",0,0,60,60,200,0,True,True,True,False,False,True,0,True,False,True,False,False,True,"",5,13,54,"ui/icon/112000/112101.tex",0,-1,False,False,False,False,False,False,False,False,False,False,False,False,False,False,False
119,1,"기공성 알렉산더: 기동편(영웅) 4",False,1,108,"ContentMemberType#3",0,0,60,60,205,0,True,True,True,False,False,True,0,True,False,True,False,False,True,"",5,13,55,"ui/icon/112000/112102.tex",0,-1,False,False,False,False,False,False,False,False,False,False,False,False,False,False,False
120,1,"보이드의 방주",False,1,108,"ContentMemberType#4",0,0,60,60,175,0,True,True,True,False,False,False,0,True,False,True,False,False,True,"",5,15,30,"ui/icon/112000/112118.tex",0,-1,False,False,False,False,False,False,False,False,True,False,False,False,False,False,True
121,0,"",False,0,0,"ContentMemberType#0",0,0,0,0,0,0,False,False,False,False,False,False,0,False,False,False,False,False,False,"",0,0,0,"ui/icon/000000/000000.tex",0,0,False,False,False,False,False,False,False,False,False,False,False,False,False,False,False
122,0,"",False,0,0,"ContentMemberType#0",0,0,0,0,0,0,False,False,False,False,False,False,0,False,False,False,False,False,False,"",0,0,0,"ui/icon/000000/000000.tex",0,0,False,False,False,False,False,False,False,False,False,False,False,False,False,False,False
123,0,"",False,0,0,"ContentMemberType#0",0,0,0,0,0,0,False,False,False,False,False,False,0,False,False,False,False,False,False,"",0,0,0,"ui/icon/000000/000000.tex",0,0,False,False,False,False,False,False,False,False,False,False,False,False,False,False,False
124,0,"",False,0,0,"ContentMemberType#0",0,0,0,0,0,0,False,False,False,False,False,False,0,False,False,False,False,False,False,"",0,0,0,"ui/icon/000000/000000.tex",0,0,False,False,False,False,False,False,False,False,False,False,False,False,False,False,False
125,0,"",False,0,0,"ContentMemberType#0",0,0,0,0,0,0,False,False,False,False,False,False,0,False,False,False,False,False,False,"",0,0,0,"ui/icon/000000/000000.tex",0,0,False,False,False,False,False,False,False,False,False,False,False,False,False,False,False
126,0,"",False,0,0,"ContentMemberType#0",0,0,0,0,0,0,False,False,False,False,False,False,0,False,False,False,False,False,False,"",0,0,0,"ui/icon/000000/000000.tex",0,0,False,False,False,False,False,False,False,False,False,False,False,False,False,False,False
127,1,"외곽 유적지대(제압전)",True,0,110,"ContentMemberType#7",0,0,30,70,0,0,False,True,False,False,False,False,0,True,False,True,False,False,True,"",6,3,100,"ui/icon/112000/112064.tex",0,-1,False,False,False,False,False,False,True,False,False,False,False,False,False,False,False
128,1,"★더 피스트 (4 대 4 / 고정 소규모 파티)",True,0,110,"ContentMemberType#6",1,0,30,70,0,0,False,False,False,False,False,False,0,True,False,True,False,False,True,"",6,2,999,"ui/icon/112000/112140.tex",0,-1,False,False,False,False,False,False,False,False,False,False,False,False,False,False,False
129,0,"",False,0,0,"ContentMemberType#0",0,0,0,0,0,0,False,False,False,False,False,False,0,False,False,False,False,False,False,"",0,0,0,"ui/icon/000000/000000.tex",0,0,False,False,False,False,False,False,False,False,False,False,False,False,False,False,False
130,1,"봉인된 바위섬(쟁탈전)",True,1,110,"ContentMemberType#7",0,0,30,70,0,0,False,True,False,False,False,False,0,True,False,True,False,False,True,"",6,3,102,"ui/icon/112000/112108.tex",0,-1,False,False,False,False,False,False,True,False,False,False,False,False,False,False,False
131,2,"토토라크 감옥",False,1,108,"ContentMemberType#16",0,0,60,0,179,0,True,True,True,False,False,True,1,False,False,True,False,False,True,"",23,0,1,"ui/icon/112000/112119.tex",0,-1,False,False,False,False,False,False,False,False,False,False,False,False,False,False,False
132,2,"탐타라 묘소",False,1,108,"ContentMemberType#16",0,0,60,0,179,0,True,True,True,False,False,True,1,False,False,True,False,False,True,"",23,0,2,"ui/icon/112000/112120.tex",0,-1,False,False,False,False,False,False,False,False,False,False,False,False,False,False,False
133,2,"구리종 광산",False,1,108,"ContentMemberType#16",0,0,60,0,179,0,True,True,True,False,False,True,1,False,False,True,False,False,True,"",23,0,3,"ui/icon/112000/112121.tex",0,-1,False,False,False,False,False,False,False,False,False,False,False,False,False,False,False
134,1,"마신 세피로트 토벌전",False,1,108,"ContentMemberType#3",0,0,60,60,190,0,True,True,True,False,False,True,0,True,False,True,False,False,True,"",4,9,114,"ui/icon/112000/112126.tex",0,-1,False,False,False,False,False,True,False,False,True,False,False,False,False,False,False
135,1,"극 마신 세피로트 토벌전",False,1,108,"ContentMemberType#3",0,0,60,60,205,0,True,True,True,False,False,True,0,True,False,True,False,False,True,"",4,20,124,"ui/icon/112000/112127.tex",0,-1,False,False,False,False,False,False,False,False,True,False,False,False,False,False,False
136,1,"기공성 알렉산더: 율동편 1",False,1,108,"ContentMemberType#3",0,0,60,60,200,0,True,True,True,False,False,True,0,True,False,True,False,False,True,"",5,11,44,"ui/icon/112000/112128.tex",0,-1,False,False,False,False,False,False,False,False,True,False,False,False,False,False,False
137,1,"기공성 알렉산더: 율동편 2",False,1,108,"ContentMemberType#3",0,0,60,60,200,0,True,True,True,False,False,True,0,True,False,True,False,False,True,"",5,11,45,"ui/icon/112000/112129.tex",0,-1,False,False,False,False,False,False,False,False,True,False,False,False,False,False,False
138,1,"기공성 알렉산더: 율동편 3",False,1,108,"ContentMemberType#3",0,0,60,60,200,0,True,True,True,False,False,True,0,True,False,True,False,False,True,"",5,11,46,"ui/icon/112000/112130.tex",0,-1,False,False,False,False,False,False,False,False,True,False,False,False,False,False,False
139,1,"기공성 알렉산더: 율동편 4",False,1,108,"ContentMemberType#3",0,0,60,60,200,0,True,True,True,False,False,True,0,True,False,True,False,False,True,"",5,11,47,"ui/icon/112000/112131.tex",0,-1,False,False,False,False,False,False,False,False,True,False,False,False,False,False,False
140,1,"옛 암다포르 시가지(어려움)",False,1,108,"ContentMemberType#2",0,0,60,60,180,0,True,True,True,False,False,True,0,True,False,True,False,False,True,"",2,7,51,"ui/icon/112000/112124.tex",0,-1,False,True,False,False,False,False,False,False,True,False,False,False,False,False,False
141,1,"거꾸로 선 탑",False,1,108,"ContentMemberType#2",0,0,60,60,180,0,True,True,True,False,False,True,0,True,False,True,False,False,True,"",2,7,50,"ui/icon/112000/112125.tex",0,-1,False,True,False,False,False,False,False,False,True,False,False,False,False,False,False
142,1,"더 피스트 (8 대 8 / 일반전)",True,0,110,"ContentMemberType#17",3,2,30,70,0,0,False,False,False,False,False,False,0,False,False,True,False,False,True,"",6,2,0,"ui/icon/112000/112217.tex",0,-1,False,False,False,False,False,False,False,False,False,True,False,False,False,False,False
143,1,"더 피스트 (4 대 4 / 일반전)",True,0,110,"ContentMemberType#6",3,1,30,70,0,0,False,False,False,False,False,False,0,False,False,True,False,False,True,"",6,2,8,"ui/icon/112000/112223.tex",0,-1,False,False,False,False,False,False,False,False,False,False,True,False,False,False,False
144,0,"",False,0,0,"ContentMemberType#0",0,0,0,0,0,0,False,False,False,False,False,False,0,False,False,False,False,False,False,"",0,0,0,"ui/icon/000000/000000.tex",0,0,False,False,False,False,False,False,False,False,False,False,False,False,False,False,False
145,1,"더 피스트 (4 대 4 / 등급전)",True,0,110,"ContentMemberType#6",3,1,30,70,0,0,False,False,False,True,True,False,0,False,False,True,False,False,True,"",6,1,0,"ui/icon/112000/112218.tex",0,-1,False,False,False,False,False,False,False,False,False,False,False,False,True,False,False
146,0,"",False,0,0,"ContentMemberType#0",0,0,0,0,0,0,False,False,False,False,False,False,0,False,False,False,False,False,False,"",0,0,0,"ui/icon/000000/000000.tex",0,0,False,False,False,False,False,False,False,False,False,False,False,False,False,False,False
147,1,"기공성 알렉산더: 율동편(영웅) 1",False,1,108,"ContentMemberType#3",0,0,60,60,215,0,True,True,True,False,False,True,0,True,False,True,False,False,True,"",5,13,56,"ui/icon/112000/112132.tex",0,-1,False,False,False,False,False,False,False,False,False,False,False,False,False,False,False
148,1,"기공성 알렉산더: 율동편(영웅) 2",False,1,108,"ContentMemberType#3",0,0,60,60,220,0,True,True,True,False,False,True,0,True,False,True,False,False,True,"",5,13,57,"ui/icon/112000/112133.tex",0,-1,False,False,False,False,False,False,False,False,False,False,False,False,False,False,False
149,1,"기공성 알렉산더: 율동편(영웅) 3",False,1,108,"ContentMemberType#3",0,0,60,60,225,0,True,True,True,False,False,True,0,True,False,True,False,False,True,"",5,13,58,"ui/icon/112000/112134.tex",0,-1,False,False,False,False,False,False,False,False,False,False,False,False,False,False,False
150,1,"기공성 알렉산더: 율동편(영웅) 4",False,1,108,"ContentMemberType#3",0,0,60,60,225,0,True,True,True,False,False,True,0,True,False,True,False,False,True,"",5,13,59,"ui/icon/112000/112135.tex",0,-1,False,False,False,False,False,False,False,False,False,False,False,False,False,False,False
151,1,"범위 공격을 피하자!",False,0,108,"ContentMemberType#1",0,0,15,15,0,5,False,False,True,False,False,False,0,False,False,True,False,False,True,"",20,0,0,"ui/icon/112000/112141.tex",0,-1,False,False,False,False,False,False,False,False,False,False,False,False,False,False,False
152,1,"콤보를 이어 적개심을 끌자!",False,0,108,"ContentMemberType#1",0,0,15,15,0,5,False,False,True,False,False,False,0,False,False,True,False,False,True,"",20,0,0,"ui/icon/112000/112141.tex",0,-1,False,False,False,False,False,False,False,False,False,False,False,False,False,False,False
153,1,"실전에서 콤보를 사용해보자!",False,0,108,"ContentMemberType#1",0,0,15,15,0,5,False,False,True,False,False,False,0,False,False,True,False,False,True,"",20,0,0,"ui/icon/112000/112141.tex",0,-1,False,False,False,False,False,False,False,False,False,False,False,False,False,False,False
154,1,"다수의 적에게서 적개심을 끌자!",False,0,108,"ContentMemberType#1",0,0,15,15,0,5,False,False,True,False,False,False,0,False,False,True,False,False,True,"",20,0,0,"ui/icon/112000/112141.tex",0,-1,False,False,False,False,False,False,False,False,False,False,False,False,False,False,False
155,1,"실전에서 다수의 적과 싸워보자!",False,0,108,"ContentMemberType#1",0,0,15,15,0,5,False,False,True,False,False,False,0,False,False,True,False,False,True,"",20,0,0,"ui/icon/112000/112141.tex",0,-1,False,False,False,False,False,False,False,False,False,False,False,False,False,False,False
156,1,"멀리서 적개심을 끌자!",False,0,108,"ContentMemberType#1",0,0,15,15,0,5,False,False,True,False,False,False,0,False,False,True,False,False,True,"",20,0,0,"ui/icon/112000/112141.tex",0,-1,False,False,False,False,False,False,False,False,False,False,False,False,False,False,False
157,1,"적 지원군에 대처하자!",False,0,108,"ContentMemberType#1",0,0,15,15,0,5,False,False,True,False,False,False,0,False,False,True,False,False,True,"",20,0,0,"ui/icon/112000/112141.tex",0,-1,False,False,False,False,False,False,False,False,False,False,False,False,False,False,False
158,1,"파티원과 협력하여 적을 물리치자!",False,0,108,"ContentMemberType#1",0,0,15,15,0,5,False,False,True,False,False,False,0,False,False,True,False,False,True,"",20,0,0,"ui/icon/112000/112141.tex",0,-1,False,False,False,False,False,False,False,False,False,False,False,False,False,False,False
159,1,"파티원과 같은 적을 공격하자!",False,0,108,"ContentMemberType#1",0,0,15,15,0,5,False,False,True,False,False,False,0,False,False,True,False,False,True,"",20,0,0,"ui/icon/112000/112141.tex",0,-1,False,False,False,False,False,False,False,False,False,False,False,False,False,False,False
160,1,"적의 공격을 피하면서 싸우자!",False,0,108,"ContentMemberType#1",0,0,15,15,0,5,False,False,True,False,False,False,0,False,False,True,False,False,True,"",20,0,0,"ui/icon/112000/112141.tex",0,-1,False,False,False,False,False,False,False,False,False,False,False,False,False,False,False
161,1,"적 지원군에 대처하자!",False,0,108,"ContentMemberType#1",0,0,15,15,0,5,False,False,True,False,False,False,0,False,False,True,False,False,True,"",20,0,0,"ui/icon/112000/112141.tex",0,-1,False,False,False,False,False,False,False,False,False,False,False,False,False,False,False
162,1,"특수 장치를 활용하며 싸우자!",False,0,108,"ContentMemberType#1",0,0,15,15,0,5,False,False,True,False,False,False,0,False,False,True,False,False,True,"",20,0,0,"ui/icon/112000/112141.tex",0,-1,False,False,False,False,False,False,False,False,False,False,False,False,False,False,False
163,1,"파티원을 회복시키자!",False,0,108,"ContentMemberType#1",0,0,15,15,0,5,False,False,True,False,False,False,0,False,False,True,False,False,True,"",20,0,0,"ui/icon/112000/112141.tex",0,-1,False,False,False,False,False,False,False,False,False,False,False,False,False,False,False
164,1,"다수의 파티원을 회복시키자!",False,0,108,"ContentMemberType#1",0,0,15,15,0,5,False,False,True,False,False,False,0,False,False,True,False,False,True,"",20,0,0,"ui/icon/112000/112141.tex",0,-1,False,False,False,False,False,False,False,False,False,False,False,False,False,False,False
165,1,"적의 공격을 피하면서 싸우자!",False,0,108,"ContentMemberType#1",0,0,15,15,0,5,False,False,True,False,False,False,0,False,False,True,False,False,True,"",20,0,0,"ui/icon/112000/112141.tex",0,-1,False,False,False,False,False,False,False,False,False,False,False,False,False,False,False
166,1,"마지막 훈련!",False,0,108,"ContentMemberType#1",0,0,15,15,0,5,False,False,True,False,False,False,0,False,False,True,False,False,True,"",20,0,0,"ui/icon/112000/112141.tex",0,-1,False,False,False,False,False,False,False,False,False,False,False,False,False,False,False
167,1,"4개국 합동 훈련",False,1,108,"ContentMemberType#1",0,0,1,60,0,0,False,False,True,False,False,False,0,False,False,False,False,False,True,"4개국 합동 훈련",7,0,0,"ui/icon/112000/112145.tex",0,-1,False,False,False,False,False,False,False,False,False,False,False,False,False,False,False
168,1,"금기도시 마하",False,1,108,"ContentMemberType#4",0,0,60,60,205,0,True,True,True,False,False,False,0,True,False,True,False,False,True,"",5,15,31,"ui/icon/112000/112162.tex",0,-1,False,False,False,False,False,False,False,False,True,False,False,False,False,False,True
169,1,"니드호그 토벌전",False,1,108,"ContentMemberType#3",0,0,60,60,205,0,True,True,True,False,False,True,0,True,False,True,False,False,True,"",4,9,113,"ui/icon/112000/112160.tex",0,-1,False,False,False,False,False,True,False,False,True,False,False,False,False,False,False
170,1,"극 니드호그 토벌전",False,1,108,"ContentMemberType#3",0,0,60,60,220,0,True,True,True,False,False,True,0,True,False,True,False,False,True,"",4,20,123,"ui/icon/112000/112161.tex",0,-1,False,False,False,False,False,False,False,False,True,False,False,False,False,False,False
171,1,"소르 카이",False,1,108,"ContentMemberType#2",0,0,60,60,200,0,True,True,True,False,False,True,0,True,False,True,False,False,True,"",2,7,52,"ui/icon/112000/112163.tex",0,-1,False,True,False,False,False,False,False,False,True,False,False,False,False,False,False
172,1,"난파선의 섬(어려움)",False,1,108,"ContentMemberType#2",0,0,60,60,200,0,True,True,True,False,False,True,0,True,False,True,False,False,True,"",2,7,53,"ui/icon/112000/112164.tex",0,-1,False,True,False,False,False,False,False,False,True,False,False,False,False,False,False
173,1,"레굴라 반 히드루스 추격전",False,1,108,"ContentMemberType#1",0,0,1,60,0,0,False,False,True,False,False,False,0,False,False,False,False,False,True,"",7,0,0,"ui/icon/000000/000000.tex",0,-1,False,False,False,False,False,False,False,False,False,False,False,False,False,False,False
174,1,"망자의 궁전 B1~B10",False,0,108,"ContentMemberType#11",0,0,1,0,0,0,True,True,True,False,False,False,0,False,False,True,False,False,True,"",21,0,0,"ui/icon/112000/112166.tex",0,-1,False,False,False,False,False,False,False,False,False,False,False,False,False,False,False
175,1,"망자의 궁전 B11~B20",False,0,108,"ContentMemberType#11",0,0,1,0,0,0,True,True,True,False,False,False,0,False,False,True,False,False,True,"",21,0,0,"ui/icon/112000/112167.tex",0,-1,False,False,False,False,False,False,False,False,False,False,False,False,False,False,False
176,1,"망자의 궁전 B21~B30",False,0,108,"ContentMemberType#11",0,0,1,0,0,0,True,True,True,False,False,False,0,False,False,True,False,False,True,"",21,0,0,"ui/icon/112000/112168.tex",0,-1,False,False,False,False,False,False,False,False,False,False,False,False,False,False,False
177,1,"망자의 궁전 B31~B40",False,0,108,"ContentMemberType#11",0,0,1,0,0,0,True,True,True,False,False,False,0,False,False,True,False,False,True,"",21,0,0,"ui/icon/112000/112169.tex",0,-1,False,False,False,False,False,False,False,False,False,False,False,False,False,False,False
178,1,"망자의 궁전 B41~B50",False,0,108,"ContentMemberType#11",0,0,1,0,0,0,True,True,True,False,False,False,0,False,False,True,False,False,True,"",21,0,0,"ui/icon/112000/112170.tex",0,-1,False,False,False,False,False,False,False,False,False,False,False,False,False,False,False
179,1,"보물고 아쿠아폴리스",False,0,108,"ContentMemberType#3",0,0,1,60,0,180,True,False,True,False,False,False,0,False,False,False,False,True,True,"",9,0,0,"ui/icon/000000/000000.tex",0,-1,False,False,False,False,False,False,False,False,False,False,False,False,False,False,False
180,1,"영광의 평원(쇄빙전)",True,1,110,"ContentMemberType#7",0,0,30,70,0,0,False,True,False,False,False,False,0,True,False,True,False,False,True,"",6,3,103,"ui/icon/112000/112165.tex",0,-1,False,False,False,False,False,False,True,False,False,False,False,False,False,False,False
181,1,"유령의 집",False,0,108,"ContentMemberType#11",0,0,1,1,0,0,False,True,True,False,False,True,0,False,False,True,False,False,True,"",22,0,0,"ui/icon/112000/112196.tex",80103,-1,False,False,False,False,False,False,False,False,False,False,False,False,False,False,False
182,1,"젤파톨",False,1,108,"ContentMemberType#2",0,0,60,60,210,0,True,True,True,False,False,True,0,True,False,True,False,False,True,"",2,7,54,"ui/icon/112000/112186.tex",0,-1,False,True,False,False,False,False,False,False,True,False,False,False,False,False,False
183,1,"여신 소피아 토벌전",False,1,108,"ContentMemberType#3",0,0,60,60,220,0,True,True,True,False,False,True,0,True,False,True,False,False,True,"",4,9,115,"ui/icon/112000/112201.tex",0,-1,False,False,False,False,False,True,False,False,True,False,False,False,False,False,False
184,1,"극 여신 소피아 토벌전",False,1,108,"ContentMemberType#3",0,0,60,60,235,0,True,True,True,False,False,True,0,True,False,True,False,False,True,"",4,20,125,"ui/icon/112000/112202.tex",0,-1,False,False,False,False,False,False,False,False,True,False,False,False,False,False,False
185,0,"",False,0,0,"ContentMemberType#0",0,0,0,0,0,0,False,False,False,False,False,False,0,False,False,False,False,False,False,"",0,0,0,"ui/icon/000000/000000.tex",0,0,False,False,False,False,False,False,False,False,False,False,False,False,False,False,False
186,1,"기공성 알렉산더: 천동편 1",False,1,108,"ContentMemberType#3",0,0,60,60,230,0,True,True,True,False,False,True,0,True,False,True,False,False,True,"",5,11,48,"ui/icon/112000/112188.tex",0,-1,False,False,False,False,False,False,False,False,True,False,False,False,False,False,False
187,1,"기공성 알렉산더: 천동편 2",False,1,108,"ContentMemberType#3",0,0,60,60,230,0,True,True,True,False,False,True,0,True,False,True,False,False,True,"",5,11,49,"ui/icon/112000/112189.tex",0,-1,False,False,False,False,False,False,False,False,True,False,False,False,False,False,False
188,1,"기공성 알렉산더: 천동편 3",False,1,108,"ContentMemberType#3",0,0,60,60,230,0,True,True,True,False,False,True,0,True,False,True,False,False,True,"",5,11,50,"ui/icon/112000/112190.tex",0,-1,False,False,False,False,False,False,False,False,True,False,False,False,False,False,False
189,1,"기공성 알렉산더: 천동편 4",False,1,108,"ContentMemberType#3",0,0,60,60,230,0,True,True,True,False,False,True,0,True,False,True,False,False,True,"",5,11,51,"ui/icon/112000/112191.tex",0,-1,False,False,False,False,False,False,False,False,True,False,False,False,False,False,False
190,1,"기공성 알렉산더: 천동편(영웅) 1",False,1,108,"ContentMemberType#3",0,0,60,60,245,0,True,True,True,False,False,True,0,True,False,True,False,False,True,"",5,13,60,"ui/icon/112000/112192.tex",0,-1,False,False,False,False,False,False,False,False,False,False,False,False,False,False,False
191,1,"기공성 알렉산더: 천동편(영웅) 2",False,1,108,"ContentMemberType#3",0,0,60,60,250,0,True,True,True,False,False,True,0,True,False,True,False,False,True,"",5,13,61,"ui/icon/112000/112193.tex",0,-1,False,False,False,False,False,False,False,False,False,False,False,False,False,False,False
192,1,"기공성 알렉산더: 천동편(영웅) 3",False,1,108,"ContentMemberType#3",0,0,60,60,255,0,True,True,True,False,False,True,0,True,False,True,False,False,True,"",5,13,62,"ui/icon/112000/112194.tex",0,-1,False,False,False,False,False,False,False,False,False,False,False,False,False,False,False
193,1,"기공성 알렉산더: 천동편(영웅) 4",False,1,108,"ContentMemberType#3",0,0,60,60,255,0,True,True,True,False,False,True,0,True,False,True,False,False,True,"",5,13,63,"ui/icon/112000/112195.tex",0,-1,False,False,False,False,False,False,False,False,False,False,False,False,False,False,False
194,1,"뒤얽히는 숙명",False,1,108,"ContentMemberType#1",0,0,1,60,0,0,False,False,True,False,False,False,0,False,False,False,False,False,True,"",7,0,0,"ui/icon/000000/000000.tex",0,-1,False,False,False,False,False,False,False,False,False,False,False,False,False,False,False
195,3,"탐타라 묘소",False,0,109,"ContentMemberType#12",0,0,1,0,0,0,True,True,False,False,False,False,0,True,False,True,False,False,False,"",19,4,0,"ui/icon/112000/112197.tex",0,-1,False,False,False,False,False,False,False,False,False,False,False,False,False,False,False
196,1,"구브라 환상도서관(어려움)",False,1,108,"ContentMemberType#2",0,0,60,60,210,0,True,True,True,False,False,True,0,True,False,True,False,False,True,"",2,7,55,"ui/icon/112000/112187.tex",0,-1,False,True,False,False,False,False,False,False,True,False,False,False,False,False,False
197,4,"토토라크 감옥",True,0,109,"ContentMemberType#10",3,1,1,0,0,0,False,False,False,False,False,False,0,True,False,True,False,False,False,"꼬마 친구 공방전: 플레이어 대결(RP 변동 있음)",19,5,2,"ui/icon/112000/112199.tex",0,-1,False,False,False,False,False,False,False,False,False,False,False,False,False,False,False
198,4,"탐타라 묘소",True,0,109,"ContentMemberType#10",3,1,1,0,0,0,False,False,False,False,False,False,0,True,False,True,False,False,False,"꼬마 친구 공방전: 대회 대결",19,5,3,"ui/icon/112000/112200.tex",0,-1,False,False,False,False,False,False,False,False,False,False,False,False,False,False,False
199,4,"구리종 광산",True,0,109,"ContentMemberType#10",3,2,1,0,0,0,False,False,False,False,False,False,0,True,False,True,False,False,False,"꼬마 친구 공방전: 플레이어 대결(RP 변동 없음)",19,5,1,"ui/icon/112000/112198.tex",0,-1,False,False,False,False,False,False,False,False,False,False,False,False,False,False,False
200,1,"더 피스트 (8 대 8 / 친선 경기 / 늑대우리 훈련장)",True,0,110,"ContentMemberType#15",0,0,30,70,0,0,False,False,False,False,False,False,0,True,False,True,False,False,True,"",6,24,30,"ui/icon/112000/112220.tex",0,-1,False,False,False,False,False,False,False,False,False,False,False,False,False,False,False
201,1,"더 피스트 (4 대 4 / 친선 경기)",True,0,110,"ContentMemberType#14",0,0,30,70,0,0,False,False,False,False,False,False,0,True,False,True,False,False,True,"",6,24,31,"ui/icon/112000/112220.tex",0,-1,False,False,False,False,False,False,False,False,False,False,False,False,False,False,False
202,2,"사스타샤 침식 동굴",False,1,108,"ContentMemberType#8",0,0,60,0,179,0,True,True,True,False,False,True,1,False,False,True,False,False,True,"",23,0,4,"ui/icon/112000/112119.tex",0,-1,False,False,False,False,False,False,False,False,False,False,False,False,False,False,False
203,2,"금빛 골짜기",False,1,108,"ContentMemberType#8",0,0,60,0,179,0,True,True,True,False,False,True,1,False,False,True,False,False,True,"",23,0,5,"ui/icon/112000/112120.tex",0,-1,False,False,False,False,False,False,False,False,False,False,False,False,False,False,False
204,1,"망자의 궁전 B51~B60",False,0,108,"ContentMemberType#11",0,0,1,0,0,0,True,True,True,False,False,False,0,False,False,True,False,False,True,"",21,0,0,"ui/icon/112000/112171.tex",0,-1,False,False,False,False,False,False,False,False,False,False,False,False,False,False,False
205,1,"망자의 궁전 B61~B70",False,0,108,"ContentMemberType#11",0,0,1,0,0,0,True,True,True,False,False,False,0,False,False,True,False,False,True,"",21,0,0,"ui/icon/112000/112172.tex",0,-1,False,False,False,False,False,False,False,False,False,False,False,False,False,False,False
206,1,"망자의 궁전 B71~B80",False,0,108,"ContentMemberType#11",0,0,1,0,0,0,True,True,True,False,False,False,0,False,False,True,False,False,True,"",21,0,0,"ui/icon/112000/112173.tex",0,-1,False,False,False,False,False,False,False,False,False,False,False,False,False,False,False
207,1,"망자의 궁전 B81~B90",False,0,108,"ContentMemberType#11",0,0,1,0,0,0,True,True,True,False,False,False,0,False,False,True,False,False,True,"",21,0,0,"ui/icon/112000/112174.tex",0,-1,False,False,False,False,False,False,False,False,False,False,False,False,False,False,False
208,1,"망자의 궁전 B91~B100",False,0,108,"ContentMemberType#11",0,0,1,0,0,0,True,True,True,False,False,False,0,False,False,True,False,False,True,"",21,0,0,"ui/icon/112000/112175.tex",0,-1,False,False,False,False,False,False,False,False,False,False,False,False,False,False,False
209,1,"망자의 궁전 B101~B110",False,0,108,"ContentMemberType#11",0,0,1,0,0,0,True,True,True,False,False,False,0,False,False,True,False,False,True,"",21,0,0,"ui/icon/112000/112176.tex",0,-1,False,False,False,False,False,False,False,False,False,False,False,False,False,False,False
210,1,"망자의 궁전 B111~B120",False,0,108,"ContentMemberType#11",0,0,1,0,0,0,True,True,True,False,False,False,0,False,False,True,False,False,True,"",21,0,0,"ui/icon/112000/112177.tex",0,-1,False,False,False,False,False,False,False,False,False,False,False,False,False,False,False
211,1,"망자의 궁전 B121~B130",False,0,108,"ContentMemberType#11",0,0,1,0,0,0,True,True,True,False,False,False,0,False,False,True,False,False,True,"",21,0,0,"ui/icon/112000/112178.tex",0,-1,False,False,False,False,False,False,False,False,False,False,False,False,False,False,False
212,1,"망자의 궁전 B131~B140",False,0,108,"ContentMemberType#11",0,0,1,0,0,0,True,True,True,False,False,False,0,False,False,True,False,False,True,"",21,0,0,"ui/icon/112000/112179.tex",0,-1,False,False,False,False,False,False,False,False,False,False,False,False,False,False,False
213,1,"망자의 궁전 B141~B150",False,0,108,"ContentMemberType#11",0,0,1,0,0,0,True,True,True,False,False,False,0,False,False,True,False,False,True,"",21,0,0,"ui/icon/112000/112180.tex",0,-1,False,False,False,False,False,False,False,False,False,False,False,False,False,False,False
214,1,"망자의 궁전 B151~B160",False,0,108,"ContentMemberType#11",0,0,1,0,0,0,True,True,True,False,False,False,0,False,False,True,False,False,True,"",21,0,0,"ui/icon/112000/112181.tex",0,-1,False,False,False,False,False,False,False,False,False,False,False,False,False,False,False
215,1,"망자의 궁전 B161~B170",False,0,108,"ContentMemberType#11",0,0,1,0,0,0,True,True,True,False,False,False,0,False,False,True,False,False,True,"",21,0,0,"ui/icon/112000/112182.tex",0,-1,False,False,False,False,False,False,False,False,False,False,False,False,False,False,False
216,1,"망자의 궁전 B171~B180",False,0,108,"ContentMemberType#11",0,0,1,0,0,0,True,True,True,False,False,False,0,False,False,True,False,False,True,"",21,0,0,"ui/icon/112000/112183.tex",0,-1,False,False,False,False,False,False,False,False,False,False,False,False,False,False,False
217,1,"망자의 궁전 B181~B190",False,0,108,"ContentMemberType#11",0,0,1,0,0,0,True,True,True,False,False,False,0,False,False,True,False,False,True,"",21,0,0,"ui/icon/112000/112184.tex",0,-1,False,False,False,False,False,False,False,False,False,False,False,False,False,False,False
218,1,"망자의 궁전 B191~B200",False,0,108,"ContentMemberType#11",0,0,1,0,0,0,True,True,True,False,False,False,0,False,False,True,False,False,True,"",21,0,0,"ui/icon/112000/112185.tex",0,-1,False,False,False,False,False,False,False,False,False,False,False,False,False,False,False
219,1,"바일사르 장성",False,1,108,"ContentMemberType#2",0,0,60,60,230,0,True,True,True,False,False,True,0,True,False,True,False,False,True,"",2,7,56,"ui/icon/112000/112214.tex",0,-1,False,True,False,False,False,False,False,False,True,False,False,False,False,False,False
220,1,"둔 스카",False,1,108,"ContentMemberType#4",0,0,60,60,235,0,True,True,True,False,False,False,0,True,False,True,False,False,True,"",5,15,32,"ui/icon/112000/112203.tex",0,-1,False,False,False,False,False,False,False,False,True,False,False,False,False,False,True
221,1,"솜 알(어려움)",False,1,108,"ContentMemberType#2",0,0,60,60,230,0,True,True,True,False,False,True,0,True,False,True,False,False,True,"",2,7,57,"ui/icon/112000/112215.tex",0,-1,False,True,False,False,False,False,False,False,True,False,False,False,False,False,False
222,1,"카르테노 평원 조우전",False,1,108,"ContentMemberType#1",0,0,1,60,0,0,False,False,True,False,False,False,0,False,False,False,False,False,True,"",7,0,0,"ui/icon/000000/000000.tex",0,-1,False,False,False,False,False,False,False,False,False,False,False,False,False,False,False
223,1,"귀신 주르반 토벌전",False,1,108,"ContentMemberType#3",0,0,60,60,235,0,True,True,True,False,False,True,0,True,False,True,False,False,True,"",4,9,116,"ui/icon/112000/112212.tex",0,-1,False,False,False,False,False,True,False,False,True,False,False,False,False,False,False
224,1,"극 귀신 주르반 토벌전",False,1,108,"ContentMemberType#3",0,0,60,60,250,0,True,True,True,False,False,True,0,True,False,True,False,False,True,"",4,20,126,"ui/icon/112000/112213.tex",0,-1,False,False,False,False,False,False,False,False,True,False,False,False,False,False,False
225,2,"하우케타 별궁",False,1,108,"ContentMemberType#8",0,0,60,60,220,0,True,True,True,False,False,True,1,False,False,True,False,False,True,"",23,0,6,"ui/icon/112000/112221.tex",0,-1,False,False,False,False,False,False,False,False,False,False,False,False,False,False,False
226,0,"",False,0,0,"ContentMemberType#0",0,0,0,0,0,0,False,False,False,False,False,False,0,False,False,False,False,False,False,"",0,0,0,"ui/icon/000000/000000.tex",0,0,False,False,False,False,False,False,False,False,False,False,False,False,False,False,False
227,1,"더 피스트 (8 대 8 / 일반전)",True,0,110,"ContentMemberType#17",3,2,30,70,0,0,False,False,False,False,False,False,0,False,False,True,False,False,True,"",6,1,0,"ui/icon/112000/112217.tex",0,-1,False,False,False,False,False,False,False,False,False,True,False,False,False,False,False
228,1,"더 피스트 (4 대 4 / 일반전)",True,0,110,"ContentMemberType#6",3,1,30,70,0,0,False,False,False,False,False,False,0,False,False,True,False,False,True,"",6,1,0,"ui/icon/112000/112223.tex",0,-1,False,False,False,False,False,False,False,False,False,False,True,False,False,False,False
229,0,"",False,0,0,"ContentMemberType#0",0,0,0,0,0,0,False,False,False,False,False,False,0,False,False,False,False,False,False,"",0,0,0,"ui/icon/000000/000000.tex",0,0,False,False,False,False,False,False,False,False,False,False,False,False,False,False,False
230,1,"더 피스트 (4 대 4 / 등급전)",True,0,110,"ContentMemberType#6",3,1,30,70,0,0,False,False,False,True,True,False,0,False,False,True,False,False,True,"",6,1,0,"ui/icon/112000/112218.tex",0,-1,False,False,False,False,False,False,False,False,False,False,False,False,True,False,False
231,0,"",False,0,0,"ContentMemberType#0",0,0,0,0,0,0,False,False,False,False,False,False,0,False,False,False,False,False,False,"",0,0,0,"ui/icon/000000/000000.tex",0,0,False,False,False,False,False,False,False,False,False,False,False,False,False,False,False
232,1,"더 피스트 (8 대 8 / 친선 경기 / 잡초 훈련장)",True,0,110,"ContentMemberType#15",0,0,30,70,0,0,False,False,False,False,False,False,0,True,False,True,False,False,True,"",6,24,32,"ui/icon/112000/112220.tex",0,-1,False,False,False,False,False,False,False,False,False,False,False,False,False,False,False
233,1,"더 피스트 (4 대 4 / 친선 경기 / 잡초 훈련장)",True,0,110,"ContentMemberType#14",0,0,30,70,0,0,False,False,False,False,False,False,0,True,False,True,False,False,True,"",6,24,33,"ui/icon/112000/112220.tex",0,-1,False,False,False,False,False,False,False,False,False,False,False,False,False,False,False
234,2,"할라탈리 수련장",False,1,108,"ContentMemberType#16",0,0,60,60,179,0,True,True,True,False,False,True,1,False,False,True,False,False,True,"",23,0,7,"ui/icon/112000/112222.tex",0,-1,False,False,False,False,False,False,False,False,False,False,False,False,False,False,False
235,1,"시스이 궁",False,2,108,"ContentMemberType#2",0,0,63,64,0,0,False,True,True,False,False,True,0,True,False,True,False,False,True,"",2,0,59,"ui/icon/112000/112227.tex",0,-1,True,False,False,False,False,False,False,False,True,False,False,False,False,False,False
236,1,"성도산 사원",False,2,108,"ContentMemberType#2",0,0,70,70,280,0,False,True,True,False,False,True,0,True,False,True,False,False,True,"",2,0,65,"ui/icon/112000/112233.tex",0,-1,False,False,False,False,True,False,False,False,True,False,False,False,False,False,False
237,1,"교도 등장!",False,2,108,"ContentMemberType#1",0,0,1,63,0,0,False,False,True,False,False,False,0,False,False,False,False,False,True,"",7,0,0,"ui/icon/000000/000000.tex",0,-1,False,False,False,False,False,False,False,False,False,False,False,False,False,False,False
238,1,"세이렌 해",False,2,108,"ContentMemberType#2",0,0,61,62,0,0,False,True,True,False,False,True,0,True,False,True,False,False,True,"",2,0,58,"ui/icon/112000/112226.tex",0,-1,True,False,False,False,False,False,False,False,True,False,False,False,False,False,False
239,1,"신룡 토벌전",False,2,108,"ContentMemberType#3",0,0,70,70,280,0,False,True,True,False,False,True,0,True,False,True,False,False,True,"",4,0,132,"ui/icon/112000/112244.tex",0,-1,False,False,False,False,False,True,False,False,True,False,False,False,False,False,False
240,1,"바르담 패도",False,2,108,"ContentMemberType#2",0,0,65,66,0,0,False,True,True,False,False,True,0,True,False,True,False,False,True,"",2,0,60,"ui/icon/112000/112228.tex",0,-1,True,False,False,False,False,False,False,False,True,False,False,False,False,False,False
241,1,"도마 성",False,2,108,"ContentMemberType#2",0,0,67,68,0,0,False,True,True,False,False,True,0,True,False,True,False,False,True,"",2,0,61,"ui/icon/112000/112229.tex",0,-1,True,False,False,False,False,False,False,False,True,False,False,False,False,False,False
242,1,"카스트룸 아바니아",False,2,108,"ContentMemberType#2",0,0,69,70,0,290,False,True,True,False,False,True,0,True,False,True,False,False,True,"",2,0,62,"ui/icon/112000/112230.tex",0,-1,True,False,False,False,False,False,False,False,True,False,False,False,False,False,False
243,1,"스사노오 토벌전",False,2,108,"ContentMemberType#3",0,0,63,64,0,0,False,True,True,False,False,True,0,True,False,True,False,False,True,"",4,0,130,"ui/icon/112000/112242.tex",0,-1,False,False,False,False,False,True,False,False,True,False,False,False,False,False,False
244,1,"극 스사노오 토벌전",False,2,108,"ContentMemberType#3",0,0,70,70,300,0,False,True,True,False,False,True,0,True,False,True,False,False,True,"",4,22,150,"ui/icon/112000/112245.tex",0,-1,False,False,False,False,False,False,False,False,False,False,False,False,False,False,False
245,1,"맞서는 힘",False,2,108,"ContentMemberType#1",0,0,70,70,0,0,False,False,True,False,False,False,0,False,False,False,False,False,True,"",7,0,0,"ui/icon/000000/000000.tex",0,-1,False,False,False,False,False,False,False,False,False,False,False,False,False,False,False
246,1,"계절끝 합전",False,2,108,"ContentMemberType#1",0,0,1,68,0,0,False,False,True,False,False,False,0,False,False,False,False,False,True,"",7,0,0,"ui/icon/000000/000000.tex",0,-1,False,False,False,False,False,False,False,False,False,False,False,False,False,False,False
247,1,"알라미고",False,2,108,"ContentMemberType#2",0,0,70,70,280,310,False,True,True,False,False,True,0,True,False,True,False,False,True,"",2,0,63,"ui/icon/112000/112231.tex",0,-1,False,False,False,False,True,False,False,False,True,False,False,False,False,False,False
248,1,"해양도시를 흔드는 살인자의 연회!",False,2,108,"ContentMemberType#1",0,0,54,56,0,0,False,False,True,False,False,False,0,False,False,False,False,False,True,"",7,0,0,"ui/icon/000000/000000.tex",0,-1,False,False,False,False,False,False,False,False,False,False,False,False,False,False,False
249,1,"극악무도한 코가라시",False,2,108,"ContentMemberType#1",0,0,60,62,0,0,False,False,True,False,False,False,0,False,False,False,False,False,True,"",7,0,0,"ui/icon/000000/000000.tex",0,-1,False,False,False,False,False,False,False,False,False,False,False,False,False,False,False
250,1,"마츠바 사변",False,2,108,"ContentMemberType#1",0,0,65,67,0,0,False,False,True,False,False,False,0,False,False,False,False,False,True,"",7,0,0,"ui/icon/000000/000000.tex",0,-1,False,False,False,False,False,False,False,False,False,False,False,False,False,False,False
251,1,"베코우 섬의 결투",False,2,108,"ContentMemberType#1",0,0,70,70,0,0,False,False,True,False,False,False,0,False,False,False,False,False,True,"",7,0,0,"ui/icon/000000/000000.tex",0,-1,False,False,False,False,False,False,False,False,False,False,False,False,False,False,False
252,1,"차원의 틈 오메가: 델타편 1",False,2,108,"ContentMemberType#3",0,0,70,70,295,0,False,True,True,False,False,True,0,True,False,True,False,False,True,"",5,0,67,"ui/icon/112000/112234.tex",0,-1,False,False,False,False,False,False,False,False,True,False,False,False,False,False,False
253,1,"차원의 틈 오메가: 델타편 2",False,2,108,"ContentMemberType#3",0,0,70,70,295,0,False,True,True,False,False,True,0,True,False,True,False,False,True,"",5,0,68,"ui/icon/112000/112235.tex",0,-1,False,False,False,False,False,False,False,False,True,False,False,False,False,False,False
254,1,"차원의 틈 오메가: 델타편 3",False,2,108,"ContentMemberType#3",0,0,70,70,295,0,False,True,True,False,False,True,0,True,False,True,False,False,True,"",5,0,69,"ui/icon/112000/112236.tex",0,-1,False,False,False,False,False,False,False,False,True,False,False,False,False,False,False
255,1,"차원의 틈 오메가: 델타편 4",False,2,108,"ContentMemberType#3",0,0,70,70,295,0,False,True,True,False,False,True,0,True,False,True,False,False,True,"",5,0,70,"ui/icon/112000/112237.tex",0,-1,False,False,False,False,False,False,False,False,True,False,False,False,False,False,False
256,1,"차원의 틈 오메가(영웅): 델타편 1",False,2,110,"ContentMemberType#3",0,0,70,70,310,0,False,False,True,False,False,True,0,False,True,True,True,False,True,"",5,0,79,"ui/icon/112000/112238.tex",0,-1,False,False,False,False,False,False,False,False,False,False,False,False,False,False,False
257,1,"차원의 틈 오메가(영웅): 델타편 2",False,2,110,"ContentMemberType#3",0,0,70,70,315,0,False,False,True,False,False,True,0,False,True,True,True,False,True,"",5,0,80,"ui/icon/112000/112239.tex",0,-1,False,False,False,False,False,False,False,False,False,False,False,False,False,False,False
258,1,"차원의 틈 오메가(영웅): 델타편 3",False,2,110,"ContentMemberType#3",0,0,70,70,320,0,False,False,True,False,False,True,0,False,True,True,True,False,True,"",5,0,81,"ui/icon/112000/112240.tex",0,-1,False,False,False,False,False,False,False,False,False,False,False,False,False,False,False
259,1,"차원의 틈 오메가(영웅): 델타편 4",False,2,110,"ContentMemberType#3",0,0,70,70,320,0,False,False,True,False,False,True,0,False,True,True,True,False,True,"",5,0,82,"ui/icon/112000/112241.tex",0,-1,False,False,False,False,False,False,False,False,False,False,False,False,False,False,False
260,1,"원초적 그녀",False,2,108,"ContentMemberType#1",0,0,60,62,0,0,False,False,True,False,False,False,0,False,False,False,False,False,True,"",7,0,0,"ui/icon/000000/000000.tex",0,-1,False,False,False,False,False,False,False,False,False,False,False,False,False,False,False
261,1,"울다하 왕실배 투기대회",False,2,108,"ContentMemberType#1",0,0,63,65,0,0,False,False,True,False,False,False,0,False,False,False,False,False,True,"",7,0,0,"ui/icon/000000/000000.tex",0,-1,False,False,False,False,False,False,False,False,False,False,False,False,False,False,False
262,1,"쿠가네 성",False,2,108,"ContentMemberType#2",0,0,70,70,280,0,False,True,True,False,False,True,0,True,False,True,False,False,True,"",2,0,64,"ui/icon/112000/112232.tex",0,-1,False,False,False,False,True,False,False,False,True,False,False,False,False,False,False
263,1,"락슈미 토벌전",False,2,108,"ContentMemberType#3",0,0,67,68,0,0,False,True,True,False,False,True,0,True,False,True,False,False,True,"",4,0,131,"ui/icon/112000/112243.tex",0,-1,False,False,False,False,False,True,False,False,True,False,False,False,False,False,False
264,1,"극 락슈미 토벌전",False,2,108,"ContentMemberType#3",0,0,70,70,300,0,False,True,True,False,False,True,0,True,False,True,False,False,True,"",4,22,151,"ui/icon/112000/112246.tex",0,-1,False,False,False,False,False,False,False,False,False,False,False,False,False,False,False
265,1,"시간을 뛰어넘은 염원",False,2,108,"ContentMemberType#1",0,0,70,70,0,0,False,False,True,False,False,False,0,False,False,False,False,False,True,"",7,0,0,"ui/icon/000000/000000.tex",0,-1,False,False,False,False,False,False,False,False,False,False,False,False,False,False,False
266,1,"불타올라라, 산골짜기!",False,2,108,"ContentMemberType#1",0,0,70,70,0,0,False,False,True,False,False,False,0,False,False,False,False,False,True,"",7,0,0,"ui/icon/000000/000000.tex",0,-1,False,False,False,False,False,False,False,False,False,False,False,False,False,False,False
267,1,"칠흑의 거룡",False,2,108,"ContentMemberType#1",0,0,68,70,0,0,False,False,True,False,False,False,0,False,False,False,False,False,True,"",7,0,0,"ui/icon/000000/000000.tex",0,-1,False,False,False,False,False,False,False,False,False,False,False,False,False,False,False
268,1,"보물고 우즈네어 운하",False,2,108,"ContentMemberType#3",0,0,1,0,0,310,True,False,True,False,False,False,0,False,False,False,False,True,True,"",9,0,0,"ui/icon/000000/000000.tex",0,-1,False,False,False,False,False,False,False,False,False,False,False,False,False,False,False
269,1,"위리앙제의 비책",False,2,108,"ContentMemberType#1",0,0,1,70,0,0,False,False,True,False,False,False,0,False,False,False,False,False,True,"",7,0,0,"ui/icon/000000/000000.tex",0,-1,False,False,False,False,False,False,False,False,False,False,False,False,False,False,False
270,1,"더 높은 검술의 경지로",False,2,108,"ContentMemberType#1",0,0,70,70,0,0,False,False,True,False,False,False,0,False,False,False,False,False,True,"",7,0,0,"ui/icon/000000/000000.tex",0,-1,False,False,False,False,False,False,False,False,False,False,False,False,False,False,False
271,1,"앞으로 세 번, 아득한 동경",False,2,108,"ContentMemberType#1",0,0,65,67,0,0,False,False,True,False,False,False,0,False,False,False,False,False,True,"",7,0,0,"ui/icon/000000/000000.tex",0,-1,False,False,False,False,False,False,False,False,False,False,False,False,False,False,False
272,1,"앞으로 한 번, 너와 만날 수 있다면",False,2,108,"ContentMemberType#1",0,0,70,70,0,0,False,False,True,False,False,False,0,False,False,False,False,False,True,"",7,0,0,"ui/icon/000000/000000.tex",0,-1,False,False,False,False,False,False,False,False,False,False,False,False,False,False,False
273,1,"붉은 용기사",False,2,108,"ContentMemberType#1",0,0,70,70,0,0,False,False,True,False,False,False,0,False,False,False,False,False,True,"",7,0,0,"ui/icon/000000/000000.tex",0,-1,False,False,False,False,False,False,False,False,False,False,False,False,False,False,False
274,1,"그림자 인법첩",False,2,108,"ContentMemberType#1",0,0,70,70,0,0,False,False,True,False,False,False,0,False,False,False,False,False,True,"",7,0,0,"ui/icon/000000/000000.tex",0,-1,False,False,False,False,False,False,False,False,False,False,False,False,False,False,False
275,1,"차원의 틈: 외곽",False,2,108,"ContentMemberType#1",0,0,1,70,0,0,False,False,True,False,False,False,0,False,False,False,False,False,True,"",7,0,0,"ui/icon/000000/000000.tex",0,-1,False,False,False,False,False,False,False,False,False,False,False,False,False,False,False
276,1,"보물고 우즈네어 운하 심층",False,2,108,"ContentMemberType#3",0,0,1,0,0,340,True,False,True,False,False,False,0,False,False,False,False,True,True,"",9,0,0,"ui/icon/000000/000000.tex",0,-1,False,False,False,False,False,False,False,False,False,False,False,False,False,False,False
277,1,"아스트라갈로스(기공전)",True,0,110,"ContentMemberType#18",0,0,30,70,0,0,False,True,False,False,False,False,0,True,False,True,False,False,True,"아스트라갈로스(기공전)",6,23,200,"ui/icon/112000/112257.tex",0,-1,False,False,False,False,False,False,False,False,False,False,False,False,False,False,False
278,1,"극 신룡 토벌전",False,2,108,"ContentMemberType#3",0,0,70,70,320,0,False,True,True,False,False,True,0,False,True,True,False,False,True,"",4,0,152,"ui/icon/112000/112258.tex",0,-1,False,False,False,False,False,False,False,False,False,False,False,False,False,False,False
279,1,"스칼라 유적",False,2,108,"ContentMemberType#2",0,0,70,70,300,0,False,True,True,False,False,True,0,True,False,True,False,False,True,"",2,0,66,"ui/icon/112000/112255.tex",0,-1,False,False,False,False,True,False,False,False,True,False,False,False,False,False,False
280,1,"절 바하무트 토벌전",False,2,108,"ContentMemberType#3",1,0,70,70,0,0,False,False,True,False,False,True,0,False,True,True,False,False,True,"",5,0,91,"ui/icon/112000/112261.tex",0,-1,False,False,False,False,False,False,False,False,False,False,False,False,False,False,False
281,1,"왕도 라바나스터",False,2,108,"ContentMemberType#4",0,0,70,70,305,0,False,True,False,False,False,False,0,True,False,True,False,False,True,"",5,18,64,"ui/icon/112000/112256.tex",0,0,False,False,False,False,False,False,False,False,True,False,False,False,False,False,False
282,1,"영웅의 귀환",False,2,108,"ContentMemberType#1",0,0,1,70,0,0,False,False,True,False,False,False,0,False,False,False,False,False,True,"",7,0,0,"ui/icon/000000/000000.tex",0,-1,False,False,False,False,False,False,False,False,False,False,False,False,False,False,False
283,0,"",False,0,0,"ContentMemberType#0",0,0,0,0,0,0,False,False,False,False,False,False,0,False,False,False,False,False,False,"",0,0,0,"ui/icon/000000/000000.tex",0,0,False,False,False,False,False,False,False,False,False,False,False,False,False,False,False
284,,"",
285,,"",
286,,"",
287,,"",
288,,"",
289,,"",
290,,"",
291,,"",
292,,"",
293,,"",
294,,"",
295,,"",
296,,"돌방패 경계초소",
297,,"카스트룸 메리디아눔",
298,,"나무꾼의 비명",
299,,"옛 암다포르 성",
300,,"마도성 프라이토리움",
301,,"시리우스 대등대",
302,,"하우케타 별궁",
303,,"금빛 골짜기",
304,,"사스타샤 침식 동굴",
305,,"탐타라 묘소",
306,,"구리종 광산",
307,,"할라탈리 수련장",
308,,"브레이플록스의 야영지",
309,,"카른의 무너진 사원",
310,,"방랑자의 궁전",
311,,"제멜 요새",
312,,"구리종 광산(어려움)",
313,,"탐타라 묘소(어려움)",
314,,"하우케타 별궁(어려움)",
315,,"브레이플록스의 야영지(어려움)",
316,,"할라탈리 수련장(어려움)",
317,,"옛 암다포르 시가지",
318,,"난파선의 섬",
319,,"방랑자의 궁전(어려움)",
320,,"구브라 환상도서관",
321,,"묵약의 탑",
322,,"거두지 않는 섬",
323,,"이슈가르드 교황청",
324,,"시리우스 대등대(어려움)",
325,,"성 모샨 식물원",
326,,"옛 암다포르 시가지(어려움)",
327,,"거꾸로 선 탑",
328,,"돌방패 경계초소(어려움)",
329,,"카른의 무너진 사원(어려움)",
330,,"얼음외투 대빙벽",
331,,"사스타샤 침식 동굴(어려움)",
332,,"무한연속 박물함",
333,,"옛 암다포르 성(어려움)",
334,,"어스름 요새",
335,,"솜 알",
336,,"마과학 연구소",
337,,"용의 둥지",
338,,"소르 카이",
339,,"난파선의 섬(어려움)",
340,,"젤파톨",
341,,"구브라 환상도서관(어려움)",
342,,"바일사르 장성",
343,,"",
344,,"",
345,,"시스이 궁",
346,,"성도산 사원",
347,,"세이렌 해",
348,,"바르담 패도",
349,,"도마 성",
350,,"쿠가네 성",
351,,"",
352,,"",
353,,"스칼라 유적",
354,,"",
355,,"카스트룸 아바니아",
356,,"알라미고",
357,,"",
358,,"",
359,,"",
360,,"",
361,,"",
362,,"",
363,,"",
364,,"",
365,,"",
366,,"",
367,,"",
368,,"",
369,,"",
370,,"",
371,,"",
372,,"",
373,,"",
374,,"",
375,,"",
376,,"",
377,,"",
378,,"",
379,,"",
380,,"",
381,,"",
382,,"",
383,,"",
384,,"",
385,,"",
386,,"",
387,,"",
388,,"",
389,,"",
390,,"",
391,,"",
392,,"",
393,,"",
394,,"",
395,,"",
396,,"",
397,,"",
398,,"",
399,,"",
400,,"",
401,,"",
402,,"",
403,,"",
404,,"",
405,,"",
406,,"",
407,,"",
408,,"",
409,,"",
410,,"",
411,,"",
412,,"",
413,,"",
414,,"",
415,,"",
416,,"",
417,,"",
418,,"",
419,,"",
420,,"",
421,,"",
422,,"",
423,,"",
424,,"",
425,,"",
426,,"",
427,,"",
428,,"",
429,,"",
430,,"",
431,,"",
432,,"",
433,,"",
434,,"",
435,,"",
436,,"",
437,,"",
438,,"",
439,,"",
440,,"",
441,,"",
442,,"",
443,,"",
444,,"",
445,,"",
446,,"",
447,,"",
448,,"",
449,,"",
450,,"",
451,,"",
452,,"",
453,,"",
454,,"",
455,,"",
456,,"",
457,,"",
458,,"",
459,,"",
460,,"",
461,,"",
462,,"",
463,,"",
464,,"",
465,,"",
466,,"",
467,,"",
468,,"",
469,,"",
470,,"",
471,,"",
472,,"",
473,,"",
474,,"",
475,,"",
476,,"",
477,,"",
478,,"",
479,,"",
480,,"",
481,,"사스타샤 침식 동굴",
482,,"금빛 골짜기",
483,,"하우케타 별궁",
484,,"할라탈리 수련장",
485,,"브레이플록스의 야영지",
486,,"카른의 무너진 사원",
487,,"방랑자의 궁전",
488,,"돌방패 경계초소",
489,,"나무꾼의 비명",
490,,"제멜 요새",
491,,"옛 암다포르 성",
492,,"카스트룸 메리디아눔",
493,,"마도성 프라이토리움",
494,,"시리우스 대등대",
495,,"구리종 광산(어려움)",
496,,"하우케타 별궁(어려움)",
497,,"브레이플록스의 야영지(어려움)",
498,,"할라탈리 수련장(어려움)",
499,,"옛 암다포르 시가지",
500,,"난파선의 섬",
501,,"탐타라 묘소(어려움)",
502,,"돌방패 경계초소(어려움)",
503,,"카른의 무너진 사원(어려움)",
504,,"얼음외투 대빙벽",
505,,"사스타샤 침식 동굴(어려움)",
506,,"옛 암다포르 성(어려움)",
507,,"방랑자의 궁전(어려움)",
508,,"구브라 환상도서관",
509,,"묵약의 탑",
510,,"거두지 않는 섬",
511,,"이슈가르드 교황청",
512,,"무한연속 박물함",
513,,"어스름 요새",
514,,"솜 알",
515,,"마과학 연구소",
516,,"용의 둥지",
517,,"시리우스 대등대(어려움)",
518,,"성 모샨 식물원",
519,,"옛 암다포르 시가지(어려움)",
520,,"거꾸로 선 탑",
521,,"소르 카이",
522,,"난파선의 섬(어려움)",
523,,"젤파톨",
524,,"구브라 환상도서관(어려움)",
525,,"바일사르 장성",
526,,"솜 알(어려움)",
527,,"시스이 궁",
528,,"성도산 사원",
529,,"세이렌 해",
530,,"바르담 패도",
531,,"도마 성",
532,,"카스트룸 아바니아",
533,,"알라미고",
534,,"쿠가네 성",
535,,"스칼라 유적",
536,,"",
537,,"",
538,,"",
539,,"",
540,,"",
541,,"",
542,,"",
543,,"",
544,,"",
545,,"",
546,,"",
547,,"",
548,,"",
549,,"",
550,,"",
551,,"",
552,,"",
553,,"",
554,,"",
555,,"",
556,,"",
557,,"",
558,,"",
559,,"",
560,,"",
561,,"",
562,,"",
563,,"",
564,,"",
565,,"",
566,,"",
567,,"",
568,,"",
569,,"",
570,,"",
571,,"",
572,,"",
573,,"",
574,,"",
575,,"",
576,,"",
577,,"",
578,,"",
579,,"",
580,,"",
581,,"",
582,,"",
583,,"",
584,,"",
585,,"",
586,,"",
587,,"",
588,,"",
589,,"",
